n,base_rate,auprc,auroc,auprc_lift,brier,ece,index_auprc,index_base_rate,index_auprc_lift,n_index_positives,n_masked_propagated,cold_entity_auprc,cold_base_rate,cold_entity_auprc_lift,n_cold_rows,cold_positive_count,cold_row_share,dollar_recall_at_k,count_recall_at_k,alert_precision_at_k,k,n_reviewed,ttd_n_entities,ttd_detected_share,ttd_median_txn,ttd_median_hours,ttd_early_share,fold_id,test_day_start,test_day_end,n_train,n_test,train_base_rate,test_base_rate,dropped_entity_rows,label_maturity_dropped,model,resampled,tuning_budget,n_features,seed,condition
2711,0.04869052010328292,0.4440701486079865,0.7459227795598481,9.120258885426148,0.032109784929977604,0.02937814533465678,0.07214018055506137,0.013389441469013007,5.387840913455155,35,97,0.0738612651373303,0.05291359678499665,1.3958844158232169,1493,79,0.550719291774253,0.1839966033651001,0.20454545454545456,1.0,0.01,27,35,0.0,,,,0,60,90,3838,2711,0.049244398124022926,0.04869052010328292,0,0,lightgbm,False,0,221,0,rung2_full
2711,0.04869052010328292,0.1387205536053926,0.6945668393904143,2.849025915334995,0.045361825144621164,0.027818540126386394,0.023217246557876166,0.013389441469013007,1.7339966429225226,35,97,0.08627874007648528,0.05048661800486618,1.7089427552499012,1644,83,0.6064182958317964,0.06557899106955697,0.07575757575757576,0.37037037037037035,0.01,27,35,0.08571428571428572,1.0,37.82555555555555,0.0,0,60,90,2439,2711,0.04920049200492005,0.04869052010328292,0,0,lightgbm,False,0,221,0,rung2_size_matched
2711,0.04869052010328292,0.08074290380477413,0.6067274137262506,1.6582879713238081,0.04784285707975718,0.04272362423437067,0.07415863482459167,0.013389441469013007,5.5385906123280755,35,97,0.08074290380477413,0.04869052010328292,1.6582879713238081,2711,132,1.0,0.030646125473213225,0.022727272727272728,0.1111111111111111,0.01,27,35,0.08571428571428572,0.0,0.0,0.0,0,60,90,2439,2711,0.06068060680606806,0.04869052010328292,1399,0,lightgbm,False,0,221,0,rung3_entity_disjoint
2770,0.053429602888086646,0.5195098057973004,0.7730894510070712,9.723257851746771,0.030734623497708818,0.02818603726566894,0.06425858689394297,0.01093926820067899,5.874121167442856,29,119,0.06217489521832369,0.04482132041187159,1.3871723243980056,1651,74,0.596028880866426,0.14119754006474938,0.1891891891891892,1.0,0.01,28,29,0.0,,,,1,90,120,6549,2770,0.04901511681172698,0.053429602888086646,0,0,lightgbm,False,0,221,0,rung2_full
2770,0.053429602888086646,0.47797637769284645,0.8052729502958336,8.945909231143139,0.03421696689183596,0.02826831435917297,0.04613072384971632,0.01093926820067899,4.216984445710274,29,119,0.08170850137451138,0.05205320994794679,1.5697110986281133,1729,90,0.6241877256317689,0.13955388313431255,0.1891891891891892,1.0,0.01,28,29,0.0,,,,1,90,120,5108,2770,0.04933437744714174,0.053429602888086646,0,0,lightgbm,False,0,221,0,rung2_size_matched
2770,0.053429602888086646,0.06789867439835647,0.5476967241841384,1.2708062708341041,0.052922310147515764,0.04931863478277621,0.06612680751887932,0.01093926820067899,6.044902301122383,29,119,0.06789867439835647,0.053429602888086646,1.2708062708341041,2770,148,1.0,0.02879521153588812,0.02702702702702703,0.14285714285714285,0.01,28,29,0.13793103448275862,0.0,0.0,0.25,1,90,120,5108,2770,0.04757243539545811,0.053429602888086646,1441,0,lightgbm,False,0,221,0,rung3_entity_disjoint
2838,0.04439746300211417,0.48491332630243894,0.784470548297982,10.92209539719303,0.026970719883185973,0.02512109846846136,0.04637448932241084,0.009857612267250822,4.704434305706788,27,99,0.059827094527668004,0.046924540266328474,1.2749638928396276,1577,74,0.5556730091613813,0.14768691349242735,0.2222222222222222,1.0,0.01,28,27,0.0,,,,2,120,150,9319,2838,0.05032728833565833,0.04439746300211417,0,0,lightgbm,False,0,221,0,rung2_full
2838,0.04439746300211417,0.5195735469886931,0.8465374350330102,11.702775605983419,0.026721398097208526,0.024003223976006564,0.030974102718608273,0.009857612267250822,3.1421506424543724,27,99,0.07976838760473845,0.04610591900311527,1.730111650075746,1605,74,0.5655391120507399,0.14325099159772145,0.2222222222222222,1.0,0.01,28,27,0.0,,,,2,120,150,7879,2838,0.050640944282269326,0.04439746300211417,0,0,lightgbm,False,0,221,0,rung2_size_matched
2838,0.04439746300211417,0.06227340470231225,0.6252516739242403,1.4026343059139852,0.04413518627106287,0.0414426459266354,0.03812258510736468,0.009857612267250822,3.867324467002661,27,99,0.06227340470231225,0.04439746300211417,1.4026343059139852,2838,126,1.0,0.0015328098908450073,0.007936507936507936,0.03571428571428571,0.01,28,27,0.037037037037037035,0.0,0.0,0.0,2,120,150,7879,2838,0.051021703261835256,0.04439746300211417,1440,0,lightgbm,False,0,221,0,rung3_entity_disjoint
2813,0.03590472804834696,0.4408626364284317,0.7898230088495576,12.278679171021567,0.023254473420184576,0.021059327325997024,0.05624118603700628,0.009495982468955442,5.922629514204738,26,75,0.058573936598795194,0.035021888680425266,1.6724950825263127,1599,56,0.5684322787060079,0.1787066733399092,0.27722772277227725,1.0,0.01,28,26,0.0,,,,3,150,180,12157,2813,0.04894299580488607,0.03590472804834696,0,0,lightgbm,False,0,221,0,rung2_full
2813,0.03590472804834696,0.46292933888113985,0.8384627179532113,12.893269606659866,0.023299604860152208,0.019052040958206232,0.05593446766807406,0.009495982468955442,5.890329710584107,26,75,0.08427554016904326,0.03640776699029126,2.3147681699763885,1648,60,0.5858514041948099,0.16278124198988692,0.27722772277227725,1.0,0.01,28,26,0.0,,,,3,150,180,10734,2813,0.04900316750512391,0.03590472804834696,0,0,lightgbm,False,0,221,0,rung2_size_matched
2813,0.03590472804834696,0.06024435485680869,0.6582150471684337,1.677894754576266,0.035573213357272634,0.032274220475210565,0.051336297166947875,0.009495982468955442,5.406106986273203,26,75,0.06024435485680869,0.03590472804834696,1.677894754576266,2813,101,1.0,0.06055672786291429,0.0297029702970297,0.10714285714285714,0.01,28,26,0.11538461538461539,0.0,0.0,0.0,3,150,180,10734,2813,0.05170486305198435,0.03590472804834696,1423,0,lightgbm,False,0,221,0,rung3_entity_disjoint
158,0.04430379746835443,0.9999999999999998,1.0,22.571428571428566,2.7697322374953096e-06,0.0010730365380360412,,,,0,7,,,,0,0,,0.30078561796698344,0.2857142857142857,1.0,0.01,2,0,,,,,4,180,182,14970,158,0.04649298597194389,0.04430379746835443,0,0,lightgbm,False,0,221,0,rung2_full
158,0.04430379746835443,0.9999999999999998,1.0,22.571428571428566,3.0569192348383365e-06,0.0011681265086401695,,,,0,7,,,,0,0,,0.30078561796698344,0.2857142857142857,1.0,0.01,2,0,,,,,4,180,182,14521,158,0.047035328145444526,0.04430379746835443,0,0,lightgbm,False,0,221,0,rung2_size_matched
158,0.04430379746835443,0.09642050496087762,0.7596972563859982,2.1763485405455234,0.04419110860988666,0.043362820681188796,,,,0,7,0.09642050496087762,0.04430379746835443,2.1763485405455234,158,7,1.0,0.0,0.0,0.0,0.01,2,0,,,,,4,180,182,14521,158,0.04696646236485091,0.04430379746835443,449,0,lightgbm,False,0,221,0,rung3_entity_disjoint
2711,0.04869052010328292,0.4413015081326448,0.7541800321947666,9.063396882936365,0.03212673189092051,0.02933039603590995,0.06890356484222482,0.013389441469013007,5.1461119570735905,35,97,0.07466569611638005,0.05291359678499665,1.411087143060195,1493,79,0.550719291774253,0.18311829231245863,0.20454545454545456,1.0,0.01,27,35,0.0,,,,0,60,90,3838,2711,0.049244398124022926,0.04869052010328292,0,0,lightgbm,False,0,221,1,rung2_full
2711,0.04869052010328292,0.09856508730366029,0.6862302748305074,2.0243178157592654,0.046173269184142156,0.025294392493362464,0.02180388535777283,0.013389441469013007,1.6284387521490908,35,97,0.08591324124397644,0.05038529934795495,1.7051251526892734,1687,85,0.6222796016230173,0.04975748243355941,0.045454545454545456,0.2222222222222222,0.01,27,35,0.05714285714285714,1.0,227.17513888888888,0.0,0,60,90,2439,2711,0.053710537105371055,0.04869052010328292,0,0,lightgbm,False,0,221,1,rung2_size_matched
2711,0.04869052010328292,0.08604580027177766,0.6037429353637186,1.7671982161877975,0.04778876414966545,0.0425117516775555,0.0897221597379492,0.013389441469013007,6.700963587285691,35,97,0.08604580027177766,0.04869052010328292,1.7671982161877975,2711,132,1.0,0.030646125473213225,0.022727272727272728,0.1111111111111111,0.01,27,35,0.08571428571428572,0.0,0.0,0.0,0,60,90,2439,2711,0.06068060680606806,0.04869052010328292,1399,0,lightgbm,False,0,221,1,rung3_entity_disjoint
2770,0.053429602888086646,0.5241012320572178,0.7803023274991239,9.809191978368197,0.030674906943915923,0.027925221369597256,0.07720401973160665,0.01093926820067899,7.0575122864996285,29,119,0.06879145747179692,0.04482132041187159,1.534793193053199,1651,74,0.596028880866426,0.1519133327539693,0.1891891891891892,1.0,0.01,28,29,0.0,,,,1,90,120,6549,2770,0.04901511681172698,0.053429602888086646,0,0,lightgbm,False,0,221,1,rung2_full
2770,0.053429602888086646,0.5142572897337246,0.8164285567031562,9.624950625421738,0.03267770917950942,0.026973080193488184,0.07673303343650707,0.01093926820067899,7.014457642764836,29,119,0.09455334007344202,0.04591836734693878,2.0591616282660703,1764,81,0.6368231046931407,0.18082772499401412,0.1891891891891892,1.0,0.01,28,29,0.0,,,,1,90,120,5108,2770,0.050313234142521535,0.053429602888086646,0,0,lightgbm,False,0,221,1,rung2_size_matched
2770,0.053429602888086646,0.06518202185353857,0.5348377553755128,1.2199608144209582,0.05293064715234486,0.049412619153168386,0.06465137220461607,0.01093926820067899,5.9100271625668,29,119,0.06518202185353857,0.053429602888086646,1.2199608144209582,2770,148,1.0,0.03980829589413531,0.033783783783783786,0.17857142857142858,0.01,28,29,0.1724137931034483,0.0,0.0,0.2,1,90,120,5108,2770,0.04757243539545811,0.053429602888086646,1441,0,lightgbm,False,0,221,1,rung3_entity_disjoint
2838,0.04439746300211417,0.48828532562884697,0.7996031746031746,10.998045667735457,0.026932321717791925,0.024893504515670798,0.04537247815998713,0.009857612267250822,4.6027858400075825,27,99,0.060908909655530044,0.046924540266328474,1.2980182503617685,1577,74,0.5556730091613813,0.14532271493799925,0.2222222222222222,1.0,0.01,28,27,0.0,,,,2,120,150,9319,2838,0.05032728833565833,0.04439746300211417,0,0,lightgbm,False,0,221,1,rung2_full
2838,0.04439746300211417,0.4956915362674729,0.8405206723790795,11.164861745453079,0.028367960019665257,0.02523938727717643,0.03501066588915761,0.009857612267250822,3.5516375507556552,27,99,0.09078008621155617,0.048573163327261686,1.8689350248804129,1647,80,0.580338266384778,0.15392561642422412,0.2222222222222222,1.0,0.01,28,27,0.0,,,,2,120,150,7879,2838,0.0503871049625587,0.04439746300211417,0,0,lightgbm,False,0,221,1,rung2_size_matched
2838,0.04439746300211417,0.06393217426275455,0.630609987357775,1.439996115537281,0.044112801081226304,0.041446825687806076,0.039415821796600095,0.009857612267250822,3.9985161444773203,27,99,0.06393217426275455,0.04439746300211417,1.439996115537281,2838,126,1.0,0.0015328098908450073,0.007936507936507936,0.03571428571428571,0.01,28,27,0.037037037037037035,0.0,0.0,0.0,2,120,150,7879,2838,0.051021703261835256,0.04439746300211417,1440,0,lightgbm,False,0,221,1,rung3_entity_disjoint
2813,0.03590472804834696,0.44506002733952793,0.8017757527965186,12.395582741644475,0.023222991014646737,0.020922544798734215,0.08324631519497841,0.009495982468955442,8.766477346301956,26,75,0.07235006262427576,0.035021888680425266,2.065852681003874,1599,56,0.5684322787060079,0.17671312118701596,0.27722772277227725,1.0,0.01,28,26,0.0,,,,3,150,180,12157,2813,0.04894299580488607,0.03590472804834696,0,0,lightgbm,False,0,221,1,rung2_full
2813,0.03590472804834696,0.47121380372092275,0.8177991471713543,13.124004256108472,0.022994800152436545,0.018699405134909183,0.044460752335503693,0.009495982468955442,4.682059226715735,26,75,0.07958808620447248,0.03425076452599388,2.3236878740055804,1635,56,0.5812300035549236,0.1744368256000298,0.27722772277227725,1.0,0.01,28,26,0.0,,,,3,150,180,10734,2813,0.048537357928079,0.03590472804834696,0,0,lightgbm,False,0,221,1,rung2_size_matched
2813,0.03590472804834696,0.05653264378095222,0.6390227518327053,1.5745180886714711,0.03563500707961298,0.032776100071530916,0.051582031567777,0.009495982468955442,5.431984708945132,26,75,0.05653264378095222,0.03590472804834696,1.5745180886714711,2813,101,1.0,0.06055672786291429,0.0297029702970297,0.10714285714285714,0.01,28,26,0.11538461538461539,0.0,0.0,0.0,3,150,180,10734,2813,0.05170486305198435,0.03590472804834696,1423,0,lightgbm,False,0,221,1,rung3_entity_disjoint
158,0.04430379746835443,0.9999999999999998,1.0,22.571428571428566,3.5339070990754064e-06,0.0011894784954993554,,,,0,7,,,,0,0,,0.464141709951877,0.2857142857142857,1.0,0.01,2,0,,,,,4,180,182,14970,158,0.04649298597194389,0.04430379746835443,0,0,lightgbm,False,0,221,1,rung2_full
158,0.04430379746835443,0.9999999999999998,1.0,22.571428571428566,2.544211966893192e-06,0.0010254586741635604,,,,0,7,,,,0,0,,0.30078561796698344,0.2857142857142857,1.0,0.01,2,0,,,,,4,180,182,14521,158,0.04641553612010192,0.04430379746835443,0,0,lightgbm,False,0,221,1,rung2_size_matched
158,0.04430379746835443,0.14449927779030303,0.7530747398297067,3.2615551272668397,0.0441662454927272,0.04334158753556565,,,,0,7,0.14449927779030303,0.04430379746835443,3.2615551272668397,158,7,1.0,0.0,0.0,0.0,0.01,2,0,,,,,4,180,182,14521,158,0.04696646236485091,0.04430379746835443,449,0,lightgbm,False,0,221,1,rung3_entity_disjoint
