n,base_rate,auprc,auroc,auprc_lift,brier,ece,index_auprc,index_base_rate,index_auprc_lift,n_index_positives,n_masked_propagated,cold_entity_auprc,cold_base_rate,cold_entity_auprc_lift,n_cold_rows,cold_positive_count,cold_row_share,dollar_recall_at_k,count_recall_at_k,alert_precision_at_k,k,n_reviewed,ttd_n_entities,ttd_detected_share,ttd_median_txn,ttd_median_hours,ttd_early_share,fold_id,test_day_start,test_day_end,n_train,n_test,train_base_rate,test_base_rate,dropped_entity_rows,label_maturity_dropped,model,resampled,tuning_budget,n_features,seed,delta_days,n_monotone
2711,0.04869052010328292,0.08074290380477413,0.6067274137262506,1.6582879713238081,0.04784285707975718,0.04272362423437067,0.07415863482459167,0.013389441469013007,5.5385906123280755,35,97,0.08074290380477413,0.04869052010328292,1.6582879713238081,2711,132,1.0,0.030646125473213225,0.022727272727272728,0.1111111111111111,0.01,27,35,0.08571428571428572,0.0,0.0,0.0,0,60,90,2439,2711,0.06068060680606806,0.04869052010328292,1399,0,lightgbm,False,0.0,221,0,0,
2770,0.053429602888086646,0.06789867439835647,0.5476967241841384,1.2708062708341041,0.052922310147515764,0.04931863478277621,0.06612680751887932,0.01093926820067899,6.044902301122383,29,119,0.06789867439835647,0.053429602888086646,1.2708062708341041,2770,148,1.0,0.02879521153588812,0.02702702702702703,0.14285714285714285,0.01,28,29,0.13793103448275862,0.0,0.0,0.25,1,90,120,5108,2770,0.04757243539545811,0.053429602888086646,1441,0,lightgbm,False,0.0,221,0,0,
2838,0.04439746300211417,0.06227340470231225,0.6252516739242403,1.4026343059139852,0.04413518627106287,0.0414426459266354,0.03812258510736468,0.009857612267250822,3.867324467002661,27,99,0.06227340470231225,0.04439746300211417,1.4026343059139852,2838,126,1.0,0.0015328098908450073,0.007936507936507936,0.03571428571428571,0.01,28,27,0.037037037037037035,0.0,0.0,0.0,2,120,150,7879,2838,0.051021703261835256,0.04439746300211417,1440,0,lightgbm,False,0.0,221,0,0,
2813,0.03590472804834696,0.06024435485680869,0.6582150471684337,1.677894754576266,0.035573213357272634,0.032274220475210565,0.051336297166947875,0.009495982468955442,5.406106986273203,26,75,0.06024435485680869,0.03590472804834696,1.677894754576266,2813,101,1.0,0.06055672786291429,0.0297029702970297,0.10714285714285714,0.01,28,26,0.11538461538461539,0.0,0.0,0.0,3,150,180,10734,2813,0.05170486305198435,0.03590472804834696,1423,0,lightgbm,False,0.0,221,0,0,
158,0.04430379746835443,0.09642050496087762,0.7596972563859982,2.1763485405455234,0.04419110860988666,0.043362820681188796,,,,0,7,0.09642050496087762,0.04430379746835443,2.1763485405455234,158,7,1.0,0.0,0.0,0.0,0.01,2,0,,,,,4,180,182,14521,158,0.04696646236485091,0.04430379746835443,449,0,lightgbm,False,0.0,221,0,0,
2711,0.04869052010328292,0.08604580027177766,0.6037429353637186,1.7671982161877975,0.04778876414966545,0.0425117516775555,0.0897221597379492,0.013389441469013007,6.700963587285691,35,97,0.08604580027177766,0.04869052010328292,1.7671982161877975,2711,132,1.0,0.030646125473213225,0.022727272727272728,0.1111111111111111,0.01,27,35,0.08571428571428572,0.0,0.0,0.0,0,60,90,2439,2711,0.06068060680606806,0.04869052010328292,1399,0,lightgbm,False,0.0,221,1,0,
2770,0.053429602888086646,0.06518202185353857,0.5348377553755128,1.2199608144209582,0.05293064715234486,0.049412619153168386,0.06465137220461607,0.01093926820067899,5.9100271625668,29,119,0.06518202185353857,0.053429602888086646,1.2199608144209582,2770,148,1.0,0.03980829589413531,0.033783783783783786,0.17857142857142858,0.01,28,29,0.1724137931034483,0.0,0.0,0.2,1,90,120,5108,2770,0.04757243539545811,0.053429602888086646,1441,0,lightgbm,False,0.0,221,1,0,
2838,0.04439746300211417,0.06393217426275455,0.630609987357775,1.439996115537281,0.044112801081226304,0.041446825687806076,0.039415821796600095,0.009857612267250822,3.9985161444773203,27,99,0.06393217426275455,0.04439746300211417,1.439996115537281,2838,126,1.0,0.0015328098908450073,0.007936507936507936,0.03571428571428571,0.01,28,27,0.037037037037037035,0.0,0.0,0.0,2,120,150,7879,2838,0.051021703261835256,0.04439746300211417,1440,0,lightgbm,False,0.0,221,1,0,
2813,0.03590472804834696,0.05653264378095222,0.6390227518327053,1.5745180886714711,0.03563500707961298,0.032776100071530916,0.051582031567777,0.009495982468955442,5.431984708945132,26,75,0.05653264378095222,0.03590472804834696,1.5745180886714711,2813,101,1.0,0.06055672786291429,0.0297029702970297,0.10714285714285714,0.01,28,26,0.11538461538461539,0.0,0.0,0.0,3,150,180,10734,2813,0.05170486305198435,0.03590472804834696,1423,0,lightgbm,False,0.0,221,1,0,
158,0.04430379746835443,0.14449927779030303,0.7530747398297067,3.2615551272668397,0.0441662454927272,0.04334158753556565,,,,0,7,0.14449927779030303,0.04430379746835443,3.2615551272668397,158,7,1.0,0.0,0.0,0.0,0.01,2,0,,,,,4,180,182,14521,158,0.04696646236485091,0.04430379746835443,449,0,lightgbm,False,0.0,221,1,0,
2711,0.04869052010328292,0.07786252149313463,0.5880479866520968,1.599131028544606,0.048431297849171454,0.04895614490528533,0.0706210279883606,0.013389441469013007,5.274381918902132,35,97,0.07786252149313463,0.04869052010328292,1.599131028544606,2711,132,1.0,0.04709569783979335,0.030303030303030304,0.14814814814814814,0.01,27,35,0.08571428571428572,0.0,0.0,0.0,0,60,90,2439,2711,0.06068060680606806,0.04869052010328292,1399,0,halo,,,221,0,0,19.0
2770,0.053429602888086646,0.07030840084830262,0.552471808192632,1.3159072320932312,0.0534229829458397,0.05359777682544466,0.06823627221952655,0.01093926820067899,6.237736470826375,29,119,0.07030840084830262,0.053429602888086646,1.3159072320932312,2770,148,1.0,0.02879521153588812,0.02702702702702703,0.14285714285714285,0.01,28,29,0.13793103448275862,0.0,0.0,0.25,1,90,120,5108,2770,0.04757243539545811,0.053429602888086646,1441,0,halo,,,221,0,0,19.0
2838,0.04439746300211417,0.060406231125058316,0.625114131198202,1.3605784439120276,0.04460120289382793,0.04502646993464586,0.03265023927994665,0.009857612267250822,3.312185384732365,27,99,0.060406231125058316,0.04439746300211417,1.3605784439120276,2838,126,1.0,0.0,0.0,0.0,0.01,28,27,0.0,,,,2,120,150,7879,2838,0.051021703261835256,0.04439746300211417,1440,0,halo,,,221,0,0,19.0
2813,0.03590472804834696,0.05757387491563777,0.6459556353865477,1.603517922155337,0.0359817532284306,0.03607401277718575,0.04936511510486752,0.009495982468955442,5.198526352197202,26,75,0.05757387491563777,0.03590472804834696,1.603517922155337,2813,101,1.0,0.06055672786291429,0.0297029702970297,0.10714285714285714,0.01,28,26,0.11538461538461539,0.0,0.0,0.0,3,150,180,10734,2813,0.05170486305198435,0.03590472804834696,1423,0,halo,,,221,0,0,19.0
158,0.04430379746835443,0.10020502348673149,0.7578051087984863,2.2617705301290822,0.04430379746835443,0.04430379746835443,,,,0,7,0.10020502348673149,0.04430379746835443,2.2617705301290822,158,7,1.0,0.0,0.0,0.0,0.01,2,0,,,,,4,180,182,14521,158,0.04696646236485091,0.04430379746835443,449,0,halo,,,221,0,0,19.0
2711,0.04869052010328292,0.07319357611547411,0.5948159375844525,1.5032407943109873,0.048856541970967136,0.0487705799582687,0.04827531086677209,0.013389441469013007,3.6054760744497787,35,97,0.07319357611547411,0.04869052010328292,1.5032407943109873,2711,132,1.0,0.030646125473213225,0.022727272727272728,0.1111111111111111,0.01,27,35,0.08571428571428572,0.0,0.0,0.0,0,60,90,2439,2711,0.06068060680606806,0.04869052010328292,1399,0,halo,,,221,1,0,19.0
2770,0.053429602888086646,0.06656281936943878,0.5369121982394294,1.245804119279361,0.05334756086670605,0.05341737876537665,0.06683973733598103,0.01093926820067899,6.110073919920197,29,119,0.06656281936943878,0.053429602888086646,1.245804119279361,2770,148,1.0,0.02879521153588812,0.02702702702702703,0.14285714285714285,0.01,28,29,0.13793103448275862,0.0,0.0,0.25,1,90,120,5108,2770,0.04757243539545811,0.053429602888086646,1441,0,halo,,,221,1,0,19.0
2838,0.04439746300211417,0.05991431509319092,0.620683499555181,1.3494986209085382,0.04443133376138441,0.04454082512619958,0.03580210372812678,0.009857612267250822,3.6319245226421946,27,99,0.05991431509319092,0.04439746300211417,1.3494986209085382,2838,126,1.0,0.0015328098908450073,0.007936507936507936,0.03571428571428571,0.01,28,27,0.037037037037037035,0.0,0.0,0.0,2,120,150,7879,2838,0.051021703261835256,0.04439746300211417,1440,0,halo,,,221,1,0,19.0
2813,0.03590472804834696,0.05155879808631551,0.6334005081924122,1.4359890991762925,0.036257014371782026,0.03648477143157915,0.03580478819617798,0.009495982468955442,3.770519618505204,26,75,0.05155879808631551,0.03590472804834696,1.4359890991762925,2813,101,1.0,0.03220693280118007,0.019801980198019802,0.07142857142857142,0.01,28,26,0.07692307692307693,0.0,0.0,0.0,3,150,180,10734,2813,0.05170486305198435,0.03590472804834696,1423,0,halo,,,221,1,0,19.0
158,0.04430379746835443,0.10184979259822906,0.717123935666982,2.2988953186457417,0.04430379746835443,0.04430379746835443,,,,0,7,0.10184979259822906,0.04430379746835443,2.2988953186457417,158,7,1.0,0.0,0.0,0.0,0.01,2,0,,,,,4,180,182,14521,158,0.04696646236485091,0.04430379746835443,449,0,halo,,,221,1,0,19.0
2711,0.04869052010328292,0.08583136582861656,0.628852503319351,1.7627941875862083,0.046789789389456896,0.026344995233098682,0.02078817610607641,0.013389441469013007,1.5525797811795352,35,97,0.08583136582861656,0.04869052010328292,1.7627941875862083,2711,132,1.0,0.017193206886880284,0.03787878787878788,0.18518518518518517,0.01,27,35,0.02857142857142857,0.0,0.0,0.0,0,60,90,2307,2711,0.06155179887299523,0.04869052010328292,968,563,lightgbm,False,0.0,221,0,7,
2770,0.053429602888086646,0.08042460181512516,0.5558373018327252,1.5052442366749776,0.05215067025177275,0.04390830425607283,0.045593869622277156,0.01093926820067899,4.1679085644364395,29,119,0.08042460181512516,0.053429602888086646,1.5052442366749776,2770,148,1.0,0.03204325814864498,0.033783783783783786,0.17857142857142858,0.01,28,29,0.06896551724137931,0.0,0.0,0.0,1,90,120,4916,2770,0.04800650935720097,0.053429602888086646,1031,602,lightgbm,False,0.0,221,0,7,
2838,0.04439746300211417,0.09975798163731125,0.7108471461347566,2.2469297768784866,0.04295129311464822,0.0339493712606339,0.030692380573525496,0.009857612267250822,3.113571495958753,27,99,0.09975798163731125,0.04439746300211417,2.2469297768784866,2838,126,1.0,0.011241281444444228,0.023809523809523808,0.10714285714285714,0.01,28,27,0.07407407407407407,0.5,27.77263888888889,0.0,2,120,150,7687,2838,0.050084558345258226,0.04439746300211417,957,675,lightgbm,False,0.0,221,0,7,
2813,0.03590472804834696,0.0788502380279884,0.6948289961739537,2.19609623339338,0.034809365591693966,0.024888141599594172,0.02470147755269268,0.009495982468955442,2.601255597664329,26,75,0.0788502380279884,0.03590472804834696,2.19609623339338,2813,101,1.0,0.024995684844704328,0.0297029702970297,0.10714285714285714,0.01,28,26,0.11538461538461539,2.0,125.13,0.0,3,150,180,10513,2813,0.051460097022733756,0.03590472804834696,931,713,lightgbm,False,0.0,221,0,7,
158,0.04430379746835443,0.2621126859834843,0.8278145695364238,5.916257769341503,0.04210807671217158,0.038549080308329896,,,,0,7,0.2621126859834843,0.04430379746835443,5.916257769341503,158,7,1.0,0.21617481016321674,0.14285714285714285,0.5,0.01,2,0,,,,,4,180,182,14028,158,0.04733390362132877,0.04430379746835443,299,643,lightgbm,False,0.0,221,0,7,
2711,0.04869052010328292,0.0845789274973616,0.6071180983937866,1.7370717609496007,0.04701339602312312,0.029609279055738062,0.01874371318890468,0.013389441469013007,1.3998876078799094,35,97,0.0845789274973616,0.04869052010328292,1.7370717609496007,2711,132,1.0,0.02658323577505413,0.03787878787878788,0.18518518518518517,0.01,27,35,0.05714285714285714,1.5,150.94416666666666,0.0,0,60,90,2307,2711,0.06155179887299523,0.04869052010328292,968,563,lightgbm,False,0.0,221,1,7,
2770,0.053429602888086646,0.08127852685928856,0.5661837466757375,1.5212264824339818,0.05228578927034713,0.04522587251494833,0.05902360922640557,0.01093926820067899,5.39557200204142,29,119,0.08127852685928856,0.053429602888086646,1.5212264824339818,2770,148,1.0,0.03135148735573789,0.02702702702702703,0.14285714285714285,0.01,28,29,0.06896551724137931,0.5,12.00763888888889,0.0,1,90,120,4916,2770,0.04800650935720097,0.053429602888086646,1031,602,lightgbm,False,0.0,221,1,7,
2838,0.04439746300211417,0.09352863978409483,0.6842896942454464,2.106621267517945,0.04325214460607173,0.03608489139566033,0.04336073148542924,0.009857612267250822,4.398705316244099,27,99,0.09352863978409483,0.04439746300211417,2.106621267517945,2838,126,1.0,0.029923972523560383,0.03968253968253968,0.17857142857142858,0.01,28,27,0.1111111111111111,0.0,0.0,0.0,2,120,150,7687,2838,0.050084558345258226,0.04439746300211417,957,675,lightgbm,False,0.0,221,1,7,
2813,0.03590472804834696,0.0810842950323648,0.6838254621922369,2.258318038871705,0.03479207496447236,0.02590509496301341,0.03230496853923736,0.009495982468955442,3.401961686939688,26,75,0.0810842950323648,0.03590472804834696,2.258318038871705,2813,101,1.0,0.024995684844704328,0.0297029702970297,0.10714285714285714,0.01,28,26,0.11538461538461539,2.0,125.13,0.0,3,150,180,10513,2813,0.051460097022733756,0.03590472804834696,931,713,lightgbm,False,0.0,221,1,7,
158,0.04430379746835443,0.2778597360827326,0.8467360454115421,6.271691185867393,0.04286238786958139,0.038690729398227805,,,,0,7,0.2778597360827326,0.04430379746835443,6.271691185867393,158,7,1.0,0.21617481016321674,0.14285714285714285,0.5,0.01,2,0,,,,,4,180,182,14028,158,0.04733390362132877,0.04430379746835443,299,643,lightgbm,False,0.0,221,1,7,
2711,0.04869052010328292,0.09486374808786317,0.6254420905448435,1.948300159592402,0.0495492549471848,0.051031722887223394,0.026192212341012506,0.013389441469013007,1.9561840874116196,35,97,0.09486374808786317,0.04869052010328292,1.948300159592402,2711,132,1.0,0.024365617809055794,0.03787878787878788,0.18518518518518517,0.01,27,35,0.08571428571428572,0.0,0.0,0.0,0,60,90,2307,2711,0.06155179887299523,0.04869052010328292,968,563,halo,,,221,0,7,19.0
2770,0.053429602888086646,0.0756360195209804,0.5398215721442265,1.4156200950886195,0.0533094640000434,0.05352600505072972,0.05838145332583967,0.01093926820067899,5.33687009540693,29,119,0.0756360195209804,0.053429602888086646,1.4156200950886195,2770,148,1.0,0.022142744197511905,0.02702702702702703,0.14285714285714285,0.01,28,29,0.10344827586206896,0.0,0.0,0.3333333333333333,1,90,120,4916,2770,0.04800650935720097,0.053429602888086646,1031,602,halo,,,221,0,7,19.0
2838,0.04439746300211417,0.07942289212205876,0.657682492859484,1.7889060939873234,0.04418207076304764,0.04431671858779666,0.04758955201628324,0.009857612267250822,4.827695665651844,27,99,0.07942289212205876,0.04439746300211417,1.7889060939873234,2838,126,1.0,0.010757660305595216,0.023809523809523808,0.10714285714285714,0.01,28,27,0.1111111111111111,0.0,0.0,0.0,2,120,150,7687,2838,0.050084558345258226,0.04439746300211417,957,675,halo,,,221,0,7,19.0
2813,0.03590472804834696,0.07254652042803739,0.6562290078565378,2.0205283362779123,0.036043531496869105,0.03643401870468937,0.034749999930092,0.009495982468955442,3.6594423003304573,26,75,0.07254652042803739,0.03590472804834696,2.0205283362779123,2813,101,1.0,0.04881165144590402,0.04950495049504951,0.17857142857142858,0.01,28,26,0.15384615384615385,1.0,14.274444444444445,0.0,3,150,180,10513,2813,0.051460097022733756,0.03590472804834696,931,713,halo,,,221,0,7,19.0
158,0.04430379746835443,0.30106421356421353,0.8628192999053925,6.795449391877963,0.04430379746835443,0.04430379746835443,,,,0,7,0.30106421356421353,0.04430379746835443,6.795449391877963,158,7,1.0,0.21617481016321674,0.14285714285714285,0.5,0.01,2,0,,,,,4,180,182,14028,158,0.04733390362132877,0.04430379746835443,299,643,halo,,,221,0,7,19.0
2711,0.04869052010328292,0.0857482575073209,0.6217731796444476,1.761087318957174,0.05005245961675973,0.051322060845010786,0.02522200143390322,0.013389441469013007,1.8837231928063718,35,97,0.0857482575073209,0.04869052010328292,1.761087318957174,2711,132,1.0,0.024365617809055794,0.03787878787878788,0.18518518518518517,0.01,27,35,0.08571428571428572,0.0,0.0,0.0,0,60,90,2307,2711,0.06155179887299523,0.04869052010328292,968,563,halo,,,221,1,7,19.0
2770,0.053429602888086646,0.07641268272751145,0.5581745933576597,1.4301562915892345,0.05326165948809318,0.053629525524785795,0.053473170160852845,0.01093926820067899,4.888185313669686,29,119,0.07641268272751145,0.053429602888086646,1.4301562915892345,2770,148,1.0,0.040209531416504254,0.02702702702702703,0.14285714285714285,0.01,28,29,0.10344827586206896,0.0,0.0,0.0,1,90,120,4916,2770,0.04800650935720097,0.053429602888086646,1031,602,halo,,,221,1,7,19.0
2838,0.04439746300211417,0.07793518842879106,0.6547911691717001,1.7553973393722937,0.04425892252776133,0.04432936724230758,0.04492929562441745,0.009857612267250822,4.557827433899236,27,99,0.07793518842879106,0.04439746300211417,1.7553973393722937,2838,126,1.0,0.012833298317784552,0.03968253968253968,0.17857142857142858,0.01,28,27,0.14814814814814814,0.0,0.0,0.0,2,120,150,7687,2838,0.050084558345258226,0.04439746300211417,957,675,halo,,,221,1,7,19.0
2813,0.03590472804834696,0.07004601573445139,0.6425567335494611,1.9508855669407104,0.036054990206898285,0.036535467506166555,0.03518493068404821,0.009495982468955442,3.7052438543432307,26,75,0.07004601573445139,0.03590472804834696,1.9508855669407104,2813,101,1.0,0.04592239541213342,0.04950495049504951,0.17857142857142858,0.01,28,26,0.15384615384615385,1.0,14.274444444444445,0.0,3,150,180,10513,2813,0.051460097022733756,0.03590472804834696,931,713,halo,,,221,1,7,19.0
158,0.04430379746835443,0.2659316815870214,0.7483443708609271,6.00245795582134,0.04430379746835443,0.04430379746835443,,,,0,7,0.2659316815870214,0.04430379746835443,6.00245795582134,158,7,1.0,0.21617481016321674,0.14285714285714285,0.5,0.01,2,0,,,,,4,180,182,14028,158,0.04733390362132877,0.04430379746835443,299,643,halo,,,221,1,7,19.0
2711,0.04869052010328292,0.07653123129583624,0.6195788830530978,1.5717891518410003,0.04720536287357829,0.026743773970472357,0.018679747764435213,0.013389441469013007,1.3951103044638185,35,97,0.07653123129583624,0.04869052010328292,1.5717891518410003,2711,132,1.0,0.021982631983811955,0.015151515151515152,0.07407407407407407,0.01,27,35,0.02857142857142857,3.0,301.8883333333333,0.0,0,60,90,1249,2711,0.06244995996797438,0.04869052010328292,217,2372,lightgbm,False,0.0,221,0,30,
2770,0.053429602888086646,0.09253285682332771,0.6262652812996063,1.7318649554095793,0.051315917745023164,0.035997539378899775,0.024319484385668177,0.01093926820067899,2.2231363140140115,29,119,0.09253285682332771,0.053429602888086646,1.7318649554095793,2770,148,1.0,0.028282157580903012,0.04054054054054054,0.21428571428571427,0.01,28,29,0.1724137931034483,1.0,180.53527777777776,0.0,1,90,120,3597,2770,0.050319710870169586,0.053429602888086646,241,2711,lightgbm,False,0.0,221,0,30,
2838,0.04439746300211417,0.09809534528866384,0.6732657910755256,2.2094808724541903,0.042595199803784616,0.031122899404124434,0.017124207306953538,0.009857612267250822,1.7371556968053976,27,99,0.09809534528866384,0.04439746300211417,2.2094808724541903,2838,126,1.0,0.029709039306282742,0.03968253968253968,0.17857142857142858,0.01,28,27,0.07407407407407407,0.5,27.77263888888889,0.0,2,120,150,6349,2838,0.04851157662624035,0.04439746300211417,200,2770,lightgbm,False,0.0,221,0,30,
2813,0.03590472804834696,0.06867184756694912,0.6912877128420807,1.9126129426319591,0.03484102648194435,0.021811471888885933,0.01511309572848158,0.009495982468955442,1.591525234791637,26,75,0.06867184756694912,0.03590472804834696,1.9126129426319591,2813,101,1.0,0.018657531277412043,0.0297029702970297,0.10714285714285714,0.01,28,26,0.07692307692307693,2.0,153.19444444444443,0.0,3,150,180,9070,2813,0.05104740904079383,0.03590472804834696,249,2838,lightgbm,False,0.0,221,0,30,
158,0.04430379746835443,0.18740225694007207,0.8079470198675497,4.229936656647341,0.04149804081417419,0.029310067947900136,,,,0,7,0.18740225694007207,0.04430379746835443,4.229936656647341,158,7,1.0,0.0,0.0,0.0,0.01,2,0,,,,,4,180,182,12089,158,0.04905285797005542,0.04430379746835443,68,2813,lightgbm,False,0.0,221,0,30,
2711,0.04869052010328292,0.07940366899135175,0.6214001198491311,1.6307829290572318,0.047035508612576854,0.028501033384988207,0.018020165293747368,0.013389441469013007,1.3458489165101606,35,97,0.07940366899135175,0.04869052010328292,1.6307829290572318,2711,132,1.0,0.028504220025509702,0.022727272727272728,0.1111111111111111,0.01,27,35,0.02857142857142857,3.0,301.8883333333333,0.0,0,60,90,1249,2711,0.06244995996797438,0.04869052010328292,217,2372,lightgbm,False,0.0,221,1,30,
2770,0.053429602888086646,0.09020752407296223,0.6303703589172697,1.6883435248790903,0.05139375567116566,0.03731075061587089,0.023952296431897432,0.01093926820067899,2.189570270377934,29,119,0.09020752407296223,0.053429602888086646,1.6883435248790903,2770,148,1.0,0.021687473022436277,0.02702702702702703,0.14285714285714285,0.01,28,29,0.06896551724137931,0.5,6.605,0.0,1,90,120,3597,2770,0.050319710870169586,0.053429602888086646,241,2711,lightgbm,False,0.0,221,1,30,
2838,0.04439746300211417,0.09609881651964998,0.6711616800112375,2.164511438752116,0.04274489297994801,0.03133776613205005,0.014759112203736461,0.009857612267250822,1.4972299380012655,27,99,0.09609881651964998,0.04439746300211417,2.164511438752116,2838,126,1.0,0.05066269904494781,0.05555555555555555,0.25,0.01,28,27,0.1111111111111111,1.0,20.416944444444443,0.0,2,120,150,6349,2838,0.04851157662624035,0.04439746300211417,200,2770,lightgbm,False,0.0,221,1,30,
2813,0.03590472804834696,0.07792614866155075,0.7138277987090745,2.170358972128141,0.03461289030626115,0.02250368751580503,0.016294779704796442,0.009495982468955442,1.715965647374333,26,75,0.07792614866155075,0.03590472804834696,2.170358972128141,2813,101,1.0,0.03555057382819335,0.0297029702970297,0.10714285714285714,0.01,28,26,0.07692307692307693,1.5,62.715555555555554,0.0,3,150,180,9070,2813,0.05104740904079383,0.03590472804834696,249,2838,lightgbm,False,0.0,221,1,30,
158,0.04430379746835443,0.1750048246248854,0.7672658467360454,3.9501088986759845,0.04194816555174805,0.02818232413109322,,,,0,7,0.1750048246248854,0.04430379746835443,3.9501088986759845,158,7,1.0,0.21617481016321674,0.14285714285714285,0.5,0.01,2,0,,,,,4,180,182,12089,158,0.04905285797005542,0.04430379746835443,68,2813,lightgbm,False,0.0,221,1,30,
2711,0.04869052010328292,0.07630273469789989,0.6215910559648443,1.567096316409141,0.050297933785713664,0.05159509972201467,0.016590239287555632,0.013389441469013007,1.239053871362012,35,97,0.07630273469789989,0.04869052010328292,1.567096316409141,2711,132,1.0,0.014582712521458345,0.015151515151515152,0.07407407407407407,0.01,27,35,0.0,,,,0,60,90,1249,2711,0.06244995996797438,0.04869052010328292,217,2372,halo,,,221,0,30,19.0
2770,0.053429602888086646,0.09085049820849869,0.6320840291092008,1.7003775678212254,0.05333230322818425,0.053352422474327546,0.03717439704429664,0.01093926820067899,3.398252640152772,29,119,0.09085049820849869,0.053429602888086646,1.7003775678212254,2770,148,1.0,0.011615917377783228,0.02027027027027027,0.10714285714285714,0.01,28,29,0.06896551724137931,1.0,105.91916666666667,0.0,1,90,120,3597,2770,0.050319710870169586,0.053429602888086646,241,2711,halo,,,221,0,30,19.0
2838,0.04439746300211417,0.1062299857191857,0.6778076274757692,2.3927039640559444,0.044132154191938555,0.04429635406417573,0.03158210479220189,0.009857612267250822,3.203829075031147,27,99,0.1062299857191857,0.04439746300211417,2.3927039640559444,2838,126,1.0,0.05728741263388186,0.047619047619047616,0.21428571428571427,0.01,28,27,0.07407407407407407,0.5,27.77263888888889,0.0,2,120,150,6349,2838,0.04851157662624035,0.04439746300211417,200,2770,halo,,,221,0,30,19.0
2813,0.03590472804834696,0.07733688429442914,0.7174055901165338,2.1539470843587045,0.03622378765213765,0.036650928680204795,0.01862339845486552,0.009495982468955442,1.9611871142085304,26,75,0.07733688429442914,0.03590472804834696,2.1539470843587045,2813,101,1.0,0.011887547902400706,0.009900990099009901,0.03571428571428571,0.01,28,26,0.038461538461538464,3.0,306.0877777777778,0.0,3,150,180,9070,2813,0.05104740904079383,0.03590472804834696,249,2838,halo,,,221,0,30,19.0
158,0.04430379746835443,0.2483695416644998,0.7682119205298013,5.606055368998709,0.04430379746835443,0.04430379746835443,,,,0,7,0.2483695416644998,0.04430379746835443,5.606055368998709,158,7,1.0,0.21617481016321674,0.14285714285714285,0.5,0.01,2,0,,,,,4,180,182,12089,158,0.04905285797005542,0.04430379746835443,68,2813,halo,,,221,0,30,19.0
2711,0.04869052010328292,0.07919149068873507,0.6285675678851328,1.6264252367966727,0.05021422942003616,0.05171873690572232,0.017640221537287958,0.013389441469013007,1.317472545670592,35,97,0.07919149068873507,0.04869052010328292,1.6264252367966727,2711,132,1.0,0.011947700022436513,0.015151515151515152,0.07407407407407407,0.01,27,35,0.05714285714285714,1.5,150.94416666666666,0.0,0,60,90,1249,2711,0.06244995996797438,0.04869052010328292,217,2372,halo,,,221,1,30,19.0
2770,0.053429602888086646,0.10636613199912792,0.6383820891830045,1.9907715245782724,0.05338810296737541,0.0534462801485691,0.031230477184740084,0.01093926820067899,2.8548963798877915,29,119,0.10636613199912792,0.053429602888086646,1.9907715245782724,2770,148,1.0,0.028237064586108928,0.02702702702702703,0.14285714285714285,0.01,28,29,0.06896551724137931,1.0,105.91916666666667,0.0,1,90,120,3597,2770,0.050319710870169586,0.053429602888086646,241,2711,halo,,,221,1,30,19.0
2838,0.04439746300211417,0.10095738260991,0.6771286931685161,2.2739448559279727,0.044172022068497276,0.04433592857984401,0.020449012605529664,0.009857612267250822,2.074438723205398,27,99,0.10095738260991,0.04439746300211417,2.2739448559279727,2838,126,1.0,0.04170140191205618,0.05555555555555555,0.25,0.01,28,27,0.1111111111111111,1.0,12.874166666666667,0.0,2,120,150,6349,2838,0.04851157662624035,0.04439746300211417,200,2770,halo,,,221,1,30,19.0
2813,0.03590472804834696,0.07716184432921626,0.7197384561464996,2.1490719613671816,0.03612917349823907,0.03624993654413573,0.015304489282602397,0.009495982468955442,1.6116804482986677,26,75,0.07716184432921626,0.03590472804834696,2.1490719613671816,2813,101,1.0,0.012912844498829292,0.019801980198019802,0.07142857142857142,0.01,28,26,0.038461538461538464,3.0,306.0877777777778,0.0,3,150,180,9070,2813,0.05104740904079383,0.03590472804834696,249,2838,halo,,,221,1,30,19.0
158,0.04430379746835443,0.2647832314768643,0.7729422894985809,5.9765357961920795,0.04430379746835443,0.04430379746835443,,,,0,7,0.2647832314768643,0.04430379746835443,5.9765357961920795,158,7,1.0,0.21617481016321674,0.14285714285714285,0.5,0.01,2,0,,,,,4,180,182,12089,158,0.04905285797005542,0.04430379746835443,68,2813,halo,,,221,1,30,19.0
2770,0.053429602888086646,0.0823847852937351,0.6206655740408601,1.5419314544840959,0.05155868208765145,0.030393445145003452,0.020218973545141676,0.01093926820067899,1.8482930644196753,29,119,0.0823847852937351,0.053429602888086646,1.5419314544840959,2770,148,1.0,0.014120478664104876,0.02027027027027027,0.10714285714285714,0.01,28,29,0.034482758620689655,0.0,0.0,0.0,0,90,120,1434,2770,0.056485355648535567,0.053429602888086646,32,5083,lightgbm,False,0.0,221,0,60,
2838,0.04439746300211417,0.08567139960143505,0.6481569274710868,1.929646286260894,0.04254448239775645,0.026402720383430722,0.01969656637071311,0.009857612267250822,1.9981072329401188,27,99,0.08567139960143505,0.04439746300211417,1.929646286260894,2838,126,1.0,0.029402213680430184,0.031746031746031744,0.14285714285714285,0.01,28,27,0.07407407407407407,2.5,237.92055555555555,0.0,1,120,150,3821,2838,0.049463491232661604,0.04439746300211417,17,5481,lightgbm,False,0.0,221,0,60,
2813,0.03590472804834696,0.08706694812128633,0.6768779754081603,2.4249438125265192,0.034622005706726376,0.024040209914701686,0.01728235912723199,0.009495982468955442,1.8199653573215842,26,75,0.08706694812128633,0.03590472804834696,2.4249438125265192,2813,101,1.0,0.030627426963525228,0.0594059405940594,0.21428571428571427,0.01,28,26,0.07692307692307693,1.0,19.917361111111113,0.0,2,150,180,6522,2813,0.04860472247776756,0.03590472804834696,27,5608,lightgbm,False,0.0,221,0,60,
158,0.04430379746835443,0.1044543920973181,0.717123935666982,2.3576848501966086,0.042363027003186324,0.026868231842814658,,,,0,7,0.1044543920973181,0.04430379746835443,2.3576848501966086,158,7,1.0,0.0,0.0,0.0,0.01,2,0,,,,,3,180,182,9317,158,0.05033809166040571,0.04430379746835443,2,5651,lightgbm,False,0.0,221,0,60,
2770,0.053429602888086646,0.07908531511254328,0.6227683633290041,1.480177857173952,0.05157133311719619,0.03163814033077695,0.016645204692170092,0.01093926820067899,1.5216012978945832,29,119,0.07908531511254328,0.053429602888086646,1.480177857173952,2770,148,1.0,0.013725620366112176,0.02702702702702703,0.14285714285714285,0.01,28,29,0.034482758620689655,0.0,0.0,0.0,0,90,120,1434,2770,0.056485355648535567,0.053429602888086646,32,5083,lightgbm,False,0.0,221,1,60,
2838,0.04439746300211417,0.09504357265893155,0.6503605375286792,2.140743327032125,0.042417694960765945,0.027163173895615386,0.020803733019170052,0.009857612267250822,2.1104231385002508,27,99,0.09504357265893155,0.04439746300211417,2.140743327032125,2838,126,1.0,0.027486809100325218,0.023809523809523808,0.10714285714285714,0.01,28,27,0.037037037037037035,1.0,15.715277777777779,0.0,1,120,150,3821,2838,0.049463491232661604,0.04439746300211417,17,5481,lightgbm,False,0.0,221,1,60,
2813,0.03590472804834696,0.07372878107019908,0.6680101638482432,2.0534560509947526,0.034763604024627255,0.0237702208035814,0.017442232480909287,0.009495982468955442,1.8368012512588316,26,75,0.07372878107019908,0.03590472804834696,2.0534560509947526,2813,101,1.0,0.006769983375011338,0.019801980198019802,0.07142857142857142,0.01,28,26,0.07692307692307693,1.5,62.715555555555554,0.0,2,150,180,6522,2813,0.04860472247776756,0.03590472804834696,27,5608,lightgbm,False,0.0,221,1,60,
158,0.04430379746835443,0.24982002245753285,0.792809839167455,5.6387947926128845,0.040611285961323434,0.031162955761756508,,,,0,7,0.24982002245753285,0.04430379746835443,5.6387947926128845,158,7,1.0,0.21617481016321674,0.14285714285714285,0.5,0.01,2,0,,,,,3,180,182,9317,158,0.05033809166040571,0.04430379746835443,2,5651,lightgbm,False,0.0,221,1,60,
2770,0.053429602888086646,0.07859776802197116,0.6303317047024141,1.471052820411217,0.05493491673264059,0.056570438367553384,0.02052515653494926,0.01093926820067899,1.876282412901741,29,119,0.07859776802197116,0.053429602888086646,1.471052820411217,2770,148,1.0,0.023042723226917357,0.006756756756756757,0.03571428571428571,0.01,28,29,0.034482758620689655,0.0,0.0,0.0,0,90,120,1434,2770,0.056485355648535567,0.053429602888086646,32,5083,halo,,,221,0,60,19.0
2838,0.04439746300211417,0.09681322010398355,0.6539044575549,2.1806025290087723,0.04425283197444059,0.044567559410260076,0.01753340431957058,0.009857612267250822,1.77866646041866,27,99,0.09681322010398355,0.04439746300211417,2.1806025290087723,2838,126,1.0,0.02640778264222144,0.031746031746031744,0.14285714285714285,0.01,28,27,0.1111111111111111,1.0,344.69972222222225,0.0,1,120,150,3821,2838,0.049463491232661604,0.04439746300211417,17,5481,halo,,,221,0,60,19.0
2813,0.03590472804834696,0.08009233783474809,0.6675501620958556,2.2306905577143206,0.035662489692640416,0.035824617239065305,0.015736441072994812,0.009495982468955442,1.657168294533069,26,75,0.08009233783474809,0.03590472804834696,2.2306905577143206,2813,101,1.0,0.017904681966131358,0.0297029702970297,0.10714285714285714,0.01,28,26,0.038461538461538464,1.0,0.3011111111111111,0.0,2,150,180,6522,2813,0.04860472247776756,0.03590472804834696,27,5608,halo,,,221,0,60,19.0
158,0.04430379746835443,0.2354375874302343,0.7842951750236519,5.314162687711002,0.04131919420724367,0.04244169225260386,,,,0,7,0.2354375874302343,0.04430379746835443,5.314162687711002,158,7,1.0,0.21617481016321674,0.14285714285714285,0.5,0.01,2,0,,,,,3,180,182,9317,158,0.05033809166040571,0.04430379746835443,2,5651,halo,,,221,0,60,19.0
2770,0.053429602888086646,0.07199751661878852,0.6145324386171069,1.347521088067866,0.056147390168174674,0.05765095863921388,0.013923279418651763,0.01093926820067899,1.2727797840981319,29,119,0.07199751661878852,0.053429602888086646,1.347521088067866,2770,148,1.0,0.005224896587460677,0.006756756756756757,0.03571428571428571,0.01,28,29,0.034482758620689655,-1.0,-30.629166666666666,1.0,0,90,120,1434,2770,0.056485355648535567,0.053429602888086646,32,5083,halo,,,221,1,60,19.0
2838,0.04439746300211417,0.08078423319121562,0.6405598866882053,1.8195686809259517,0.04443955853519188,0.04514545482994142,0.018395740373537268,0.009857612267250822,1.8661456623377248,27,99,0.08078423319121562,0.04439746300211417,1.8195686809259517,2838,126,1.0,0.022190583477080934,0.023809523809523808,0.10714285714285714,0.01,28,27,0.037037037037037035,1.0,15.715277777777779,0.0,1,120,150,3821,2838,0.049463491232661604,0.04439746300211417,17,5481,halo,,,221,1,60,19.0
2813,0.03590472804834696,0.07582846608552365,0.6293262069569788,2.1119353970156243,0.035638146550658,0.036021963219324785,0.0163446170984278,0.009495982468955442,1.7212139082882814,26,75,0.07582846608552365,0.03590472804834696,2.1119353970156243,2813,101,1.0,0.031162582194110586,0.039603960396039604,0.14285714285714285,0.01,28,26,0.11538461538461539,1.0,39.533611111111114,0.0,2,150,180,6522,2813,0.04860472247776756,0.03590472804834696,27,5608,halo,,,221,1,60,19.0
158,0.04430379746835443,0.1621805155409673,0.8155156102175969,3.6606459222104046,0.04430379746835443,0.04430379746835443,,,,0,7,0.1621805155409673,0.04430379746835443,3.6606459222104046,158,7,1.0,0.0,0.0,0.0,0.01,2,0,,,,,3,180,182,9317,158,0.05033809166040571,0.04430379746835443,2,5651,halo,,,221,1,60,19.0
2813,0.03590472804834696,0.06044991787822769,0.6590766377522709,1.6836199900144009,0.03554672251095439,0.017204196904804847,0.010128222421674202,0.009495982468955442,1.066579730405537,26,75,0.06044991787822769,0.03590472804834696,1.6836199900144009,2813,101,1.0,0.0,0.0,0.0,0.01,28,26,0.038461538461538464,-1.0,-104.08583333333333,1.0,0,150,180,1466,2813,0.05525238744884038,0.03590472804834696,0,10691,lightgbm,False,0.0,221,0,120,
158,0.04430379746835443,0.06738965376674541,0.5506149479659413,1.5210807564493964,0.043455927221582834,0.028718582190692715,,,,0,7,0.06738965376674541,0.04430379746835443,1.5210807564493964,158,7,1.0,0.0,0.0,0.0,0.01,2,0,,,,,1,180,182,3838,158,0.049244398124022926,0.04430379746835443,0,11132,lightgbm,False,0.0,221,0,120,
2813,0.03590472804834696,0.06350386629211235,0.6576929816875494,1.76867698890804,0.03545427871355871,0.019046928060505022,0.010450427176347605,0.009495982468955442,1.1005103695707592,26,75,0.06350386629211235,0.03590472804834696,1.76867698890804,2813,101,1.0,0.017438582092343835,0.019801980198019802,0.07142857142857142,0.01,28,26,0.038461538461538464,-1.0,-104.08583333333333,1.0,0,150,180,1466,2813,0.05525238744884038,0.03590472804834696,0,10691,lightgbm,False,0.0,221,1,120,
158,0.04430379746835443,0.09376193603697848,0.6471144749290444,2.116340841977514,0.0432328646757173,0.02997039832826438,,,,0,7,0.09376193603697848,0.04430379746835443,2.116340841977514,158,7,1.0,0.0,0.0,0.0,0.01,2,0,,,,,1,180,182,3838,158,0.049244398124022926,0.04430379746835443,0,11132,lightgbm,False,0.0,221,1,120,
2813,0.03590472804834696,0.06580213695133934,0.6629976050702416,1.8326872400407679,0.03816125353398623,0.03838072972117828,0.010684149749067241,0.009495982468955442,1.125123154344081,26,75,0.06580213695133934,0.03590472804834696,1.8326872400407679,2813,101,1.0,0.028153691513885328,0.019801980198019802,0.07142857142857142,0.01,28,26,0.038461538461538464,-1.0,-104.08583333333333,1.0,0,150,180,1466,2813,0.05525238744884038,0.03590472804834696,0,10691,halo,,,221,0,120,19.0
158,0.04430379746835443,0.07044119768879943,0.6130558183538316,1.5899584621186158,0.04569782480935062,0.047274143888287004,,,,0,7,0.07044119768879943,0.04430379746835443,1.5899584621186158,158,7,1.0,0.0,0.0,0.0,0.01,2,0,,,,,1,180,182,3838,158,0.049244398124022926,0.04430379746835443,0,11132,halo,,,221,0,120,19.0
2813,0.03590472804834696,0.06500830618357276,0.6650128508426064,1.8105778742018828,0.03822203125078035,0.040414758661102876,0.010453860220660298,0.009495982468955442,1.100871895544919,26,75,0.06500830618357276,0.03590472804834696,1.8105778742018828,2813,101,1.0,0.002412763504732886,0.009900990099009901,0.03571428571428571,0.01,28,26,0.038461538461538464,-1.0,-104.08583333333333,1.0,0,150,180,1466,2813,0.05525238744884038,0.03590472804834696,0,10691,halo,,,221,1,120,19.0
158,0.04430379746835443,0.0896003196925225,0.5118259224219489,2.022407215916936,0.04545342832909787,0.04700123044958855,,,,0,7,0.0896003196925225,0.04430379746835443,2.022407215916936,158,7,1.0,0.0,0.0,0.0,0.01,2,0,,,,,1,180,182,3838,158,0.049244398124022926,0.04430379746835443,0,11132,halo,,,221,1,120,19.0
